{
  "score": 0.4439464452242221,
  "vector": [
    0.8179297147115644,
    1.5926159448067816,
    0.7909800529871892,
    0.38742363213237696,
    0.13526843722655013,
    0.43751624472352585,
    0.16947520917219133,
    0.6715511302411095,
    0.5057375113828613,
    2.4299564296674907,
    0.1808420743026874,
    0.19952507584759024,
    0.28733553040509924,
    0.10560910668917202,
    0.43311362048446495,
    0.03991251232720041,
    0.6294094434850979,
    0.1247031531727842,
    0.3417160938750511,
    0.24131678982936333,
    0.15182997630286915,
    0.14242669833772045,
    1798.135688923823,
    8.702341808873655,
    1.0623332619173518,
    0.10178564196283572,
    2.1165780042095954,
    0.32540068998320837,
    2.9824592401516643,
    1.1330330768207761,
    0.9242988700207504,
    0.7030461812340328,
    0.009508950136750186,
    0.4967975653776617,
    0.9047558317565007,
    3.6159329113722998,
    5.932092053541338,
    0.02456858755777945,
    0.04735882375687615,
    0.39917328398559837,
    1.9444560638181807,
    0.005199192477940278,
    0.5461792631194817,
    0.027403102591440957,
    0.6414859396244882,
    0.02896505455298599,
    0.07464447906584529
  ],
  "params": {
    "restraint": 0.8179297147115644,
    "focalDensity": 1.5926159448067816,
    "veilStrength": 0.7909800529871892,
    "bareCanvasThreshold": 0.38742363213237696,
    "darkSoftening": 0.13526843722655013,
    "accentTiming": 0.43751624472352585,
    "interRegionBleed": 0.16947520917219133,
    "sparse_composition_mult": 0.6715511302411095,
    "atmospheric_emphasis": 0.5057375113828613,
    "focal_emphasis": 2.4299564296674907,
    "dark_commitment": 0.1808420743026874,
    "thinners_far": 0.19952507584759024,
    "load_far": 0.28733553040509924,
    "thinners_mid": 0.10560910668917202,
    "load_mid": 0.43311362048446495,
    "thinners_near": 0.03991251232720041,
    "load_near": 0.6294094434850979,
    "budget_atmosphere": 0.1247031531727842,
    "budget_background": 0.3417160938750511,
    "budget_midtones": 0.24131678982936333,
    "budget_darkForms": 0.15182997630286915,
    "budget_accents": 0.14242669833772045,
    "total_stroke_base": 1798.135688923823,
    "strokes_per_region": 8.702341808873655,
    "pressure_global_scale": 1.0623332619173518,
    "wash_spacing_mult": 0.10178564196283572,
    "wash_passes": 2.1165780042095954,
    "tree_wash_load": 0.32540068998320837,
    "tree_mel_shift": 2.9824592401516643,
    "tree_dab_count_scale": 1.1330330768207761,
    "building_load_mult": 0.9242988700207504,
    "pole_load_mult": 0.7030461812340328,
    "trunk_curve": 0.009508950136750186,
    "trunk_branch_prob": 0.4967975653776617,
    "figure_load_mult": 0.9047558317565007,
    "figure_passes": 3.6159329113722998,
    "umbrella_spoke_count": 5.932092053541338,
    "boat_hull_length": 0.02456858755777945,
    "boat_mast_height": 0.04735882375687615,
    "reflection_opacity": 0.39917328398559837,
    "reflection_smear": 1.9444560638181807,
    "lightdot_size": 0.005199192477940278,
    "lightdot_brightness": 0.5461792631194817,
    "wave_spacing": 0.027403102591440957,
    "wave_load": 0.6414859396244882,
    "headland_edge_rough": 0.02896505455298599,
    "mass_mel_shift": 0.07464447906584529
  },
  "generations": 10
}